{"train/loss": 0.9491618871688843, "_runtime": 2432, "_timestamp": 1621111187, "_step": 5700, "val/R1": 0.02791586998087954, "val/R5": 0.13307839388145315, "val/R10": 0.24053537284894838, "val/MR": 28.0}