{"train/loss": 0.9133342504501343, "_runtime": 1991, "_timestamp": 1621113722, "_step": 5700, "val/R1": 0.04688172043010753, "val/R5": 0.19010752688172042, "val/R10": 0.33548387096774196, "val/MR": 19.0}